titolo,autore,anno,category
3D bioprinting for cardiovascular regeneration and pharmacology,Haitao Cui; Shida Miao; Timothy Esworthy; Xuan Zhou; Se-jun Lee; Chengyu Liu; Zu-xi Yu; John P. Fisher; Muhammad Mohiuddin; Lijie Grace Zhang,2025,Scienza
titolo,autore,anno,category
Virtual Dietitian: A Nutrition Knowledge-Based System Using Forward Chaining Algorithm,Manuel B. Garcia,2025,Scienza
titolo,autore,anno,category
Ultrasound and MR findings in tumor.pdf,Unknown,2025,Scienza
titolo,autore,anno,category
Transmitarrays for Wireless Power Transfer on Earth and in Space,Unknown,2025,Scienza
titolo,autore,anno,category
Time-domain based feature space at FLUXNET sites for vegetation patterns identification,Unknown,2025,Scienza
titolo,autore,anno,category
doi:10.1016/S0167-7799(01)01740-1,Unknown,2025,Scienza
titolo,autore,anno,category
The Development of a Digital Forensic Framework for Ease of Forensic Analysis,Unknown,2025,Scienza
titolo,autore,anno,category
Study on the feasibility of improving the indoor air quality from the perspective of circular economy by activation of biological calcium,Unknown,2025,Scienza
titolo,autore,anno,category
Status of the nuclear measurement stations for the process control of spent fuel reprocessing at AREVA NC/La Hague,Unknown,2025,Scienza
titolo,autore,anno,category
SEAL: Secure and Efficient Authentication using Linkage for Blockchain Networks,Unknown,2025,Scienza
titolo,autore,anno,category
titolo,autore,anno,category
Research on Relationship between Cycles of Electric Power and the Economy Growth in China Based on Maximum Entropy Method,He Yong-xiu;Wang Wei;He Qun;Wang Da-wei,2025,Scienza
titolo,autore,anno,category
Research on Multi-objective Optimization of Economic Performance of Solar Thermal Power System,Unknown,2025,Scienza
titolo,autore,anno,category
Recapitulating human cardio- pulmonary.pdf,Unknown,2025,Scienza
titolo,autore,anno,category
Real-time capable file system for scalable media: Algorithms &amp; caching strategy for exploiting scalability on file system level,Unknown,2025,Scienza
titolo,autore,anno,category
Quantitative cell biology.pdf,Unknown,2025,Scienza
titolo,autore,anno,category
untitled,Unknown,2025,Scienza
titolo,autore,anno,category
PING : A new approach for nuclear fuel cycle instrumentation,Unknown,2025,Scienza
titolo,autore,anno,category
Perspectives of Digital TV applications development in Russia,Unknown,2025,Scienza
titolo,autore,anno,category
titolo,autore,anno,category
Modeling of Inter-Satellite Link Protocol for Satellite Constellation,Unknown,2025,Scienza
titolo,autore,anno,category
Modeling file system organizations in a local area network environment,Unknown,2025,Scienza
titolo,autore,anno,category
Modeling and simulation of loss of power in nuclear power plant,Unknown,2025,Scienza
titolo,autore,anno,category
Miniature microbial solar cells to power wireless sensor networks,Lin Liu,2025,Scienza
titolo,autore,anno,category
Circular RNA in cardiovascular disease,Unknown,2025,Scienza
titolo,autore,anno,category
JCB202001060 1..2,Unknown,2025,Scienza
titolo,autore,anno,category
Humanized neurofibroma model from induced pluripotent stem cells delineates tumor pathogenesis and developmental origins .pdf,Unknown,2025,Scienza
titolo,autore,anno,category
Fuzzy file management,Unknown,2025,Scienza
titolo,autore,anno,category
Forecast of Economic Development in Russia 2022-2035,Unknown,2025,Scienza
titolo,autore,anno,category
foodlifestyle-04-2018.pdf,Unknown,2025,Scienza
titolo,autore,anno,category
IET Submission Template,Moonson,2025,Scienza
titolo,autore,anno,category
File Type Classification for Adaptive Object File System,Unknown,2025,Scienza
titolo,autore,anno,category
Enhancing Mediterranean Agriculture: Towards a Sensor Based Decision Support Tool for Efficient Irrigation Management in Smallholder Orchards,Unknown,2025,Scienza
titolo,autore,anno,category
Emerging trends in Digital Forensic and Cyber security- An Overview,Unknown,2025,Scienza
titolo,autore,anno,category
Digital Forensic Analysis of Online Dating Applications on Android Using the Digital Forensic Research Workshop 2001 Investigation Model,Unknown,2025,Scienza
titolo,autore,anno,category
Development of an AR Food Education System to Support Elementary School Nutrition Education,Unknown,2025,Scienza
titolo,autore,anno,category
Crimini Chicago.docx,Unknown,2025,Scienza
titolo,autore,anno,category
cost effectiveness of radiation .pdf,Unknown,2025,Scienza
titolo,autore,anno,category
titolo,autore,anno,category
titolo,autore,anno,category
Cell versus protoplasm: revisionist history,Unknown,2025,Scienza
titolo,autore,anno,category
CellBiologyEducation.pdf,Unknown,2025,Scienza
titolo,autore,anno,category
nat 107 (Page 107),Unknown,2025,Scienza
titolo,autore,anno,category
Biological applications of.pdf,Unknown,2025,Scienza
titolo,autore,anno,category
Applying Web-based instruction to food nutrition course,Unknown,2025,Scienza
titolo,autore,anno,category
A national radiation oncology medical student clerkship survey.pdf,Unknown,2025,Scienza
titolo,autore,anno,category
An application of novel communications protocol to high throughput satellites,Unknown,2025,Scienza
titolo,autore,anno,category
A &#x201C;Living Sensor&#x201D; Based on Sansevieria Plant for Measurement of UV-A Radiation,Unknown,2025,Scienza
titolo,autore,anno,category
Ad hoc Grid: An Adaptive and Self-Organizing Peer-to-Peer Computing Grid,Unknown,2025,Scienza
titolo,autore,anno,category
Additive Manufacturing of Antennas and RF Components for SATCOM: A Review,Unknown,2025,Scienza
titolo,autore,anno,category
20 Years of MIMO Radar,Unknown,2025,Scienza
titolo,autore,anno,category
3D bioprinting for cardiovascular regeneration and pharmacology,Haitao Cui; Shida Miao; Timothy Esworthy; Xuan Zhou; Se-jun Lee; Chengyu Liu; Zu-xi Yu; John P. Fisher; Muhammad Mohiuddin; Lijie Grace Zhang,2025,Scienza
