filename,true_category,predicted_category,confidence,match
file non pdf,Altro,Web_development,0.5688329568673433,False
websites,Altro,Web_development,0.5688329568673433,False
-Do-Not-Attempt-CPR---how-the-pandemic-changed-perceptions-and-_2024_Medicin.pdf,contemporanea,contemporanea,0.12653458833407136,True
-To-whom-does-my-body-belong--_2017_Ethics--Medicine-and-Public-Health.pdf,Energia,Energia,0.26471707517843984,True
20_Years_of_MIMO_Radar.pdf,System_programming,System_programming,0.29863738421559965,True
3D bioprinting for cardiovascular regeneration and pharmacology.pdf,Cardiologia,Cardiologia,0.12424176293782235,True
A national radiation oncology medical student clerkship survey.pdf,Oncologia,Oncologia,0.16146146881122123,True
A-17th-century-bell-foundry-in-the-belfry--UNESCO-s-_2025_Journal-of-Archaeo.pdf,Archeologia,Archeologia,0.38650322528480613,True
A-glimmer-of-the-eastern-Adriatic--Compositional-ana_2025_Journal-of-Archaeo.pdf,Preistoria,Preistoria,0.1368304105387563,True
A-late-Permian-palynological-assemblage-from-the-Spearf_2025_Palaeogeography.pdf,Data_analysis,Data_analysis,0.3970420706919182,True
A-meeting-in-the-cave--Taphonomy-and-ecology-of-scut_2025_Palaeogeography--P.pdf,Data_analysis,Data_analysis,0.3880694987232492,True
A-nonhormonal-target-for-endometriosis-to-explor_2025_Fertility-and-Sterilit.pdf,Data_analysis,Data_analysis,0.38570953728676666,True
A-prehistoric-Japanese-building-constructed-with-w_2025_Journal-of-Archaeolo.pdf,Archeologia,Archeologia,0.38918922052872607,True
A-retrospective-comparison-of-the-impact-of-industry-paymen_2025_Fertility-a.pdf,Data_analysis,Data_analysis,0.3799554847570672,True
A-reverse-engineering-analysis-of-iron-finds-fro_2025_Journal-of-Archaeologi.pdf,antica,antica,0.22306146819350262,True
Additive_Manufacturing_of_Antennas_and_RF_Components_for_SATCOM_A_Review.pdf,Spazio,Spazio,0.26784298584550353,True
Advancing-the-morphometric-analysis-of-early-medieval-S_2025_Journal-of-Arch.pdf,Data_analysis,Data_analysis,0.4309494158419481,True
Ad_hoc_Grid_An_Adaptive_and_Self-Organizing_Peer-to-Peer_Computing_Grid.pdf,System_programming,System_programming,0.3018604758603289,True
An-archaeological-record-of-late-Holocene-activity-an_2025_Journal-of-Archae.pdf,Archeologia,Archeologia,0.3868789470260711,True
Analyse-de-livre---L-Homme-et-sa-diversit----l-humanit--au-de_2017_Ethics--M.pdf,Ecologia,Ecologia,0.13483423904378963,True
Analyse-de-livre---L-humain--l-humanit--et-le-progr-s-scie_2017_Ethics--Medi.pdf,moderna,moderna,0.13297452113580147,True
Analyse-de-livre---L-humain--l-humanit--et-les-biotechnologi_2017_Ethics--Me.pdf,Oncologia,Oncologia,0.18884119253524226,True
Analyse-de-livre---Le-cancer-comme-souci-de-soi--R--Mendjel_2017_Ethics--Med.pdf,Oncologia,Oncologia,0.18884119253524226,True
Analyse-de-livre---Le-corps-r-g-n-r----la-lutte-anti--ge-et-l_2017_Ethics--M.pdf,Altro,Medicina,0.16922287846296075,False
Analyse-de-livre---Le-corps-r-g-n-r----la-lutte-anti--ge-et-l_2017_Ethics--M.pdf,Medicina,Medicina,0.15522188921800095,True
Analyse-de-livre---Le-trans--et-le-posthumanisme--nouvelles-r_2017_Ethics--M.pdf,Ecologia,Ecologia,0.13483423904378963,True
Analyse-de-livre---Quelle--thique-pour-les-hybrides----B--A_2017_Ethics--Med.pdf,Ecologia,Ecologia,0.13483423904378963,True
Analyse-de-livre---Sciences-et-humanismes--D--Jacques--in--_2017_Ethics--Med.pdf,moderna,moderna,0.13785581140947975,True
Analysing-Roman-hobnail-footwear-in-soil-blocks-u_2025_Journal-of-Archaeolog.pdf,Archeologia,Archeologia,0.37792582918501744,True
Ancient-DNA-unveils-population-dynamics-and-integration-i_2025_Journal-of-Ar.pdf,Ecologia,Ecologia,0.1826867451241519,True
Anthracology in a relict forest in the South Pacific_ An archaeobotanical approach on wood charcoal assemblages from Mocha Island.pdf,Archeologia,Archeologia,0.37122304203660855,True
Anthropogenic-forcing-has-impacted-precipitation_2025_Palaeogeography--Palae.pdf,Data_analysis,Data_analysis,0.34551516468794574,True
An_application_of_novel_communications_protocol_to_high_throughput.pdf,Spazio,Spazio,0.28042398876079694,True
An_application_of_novel_communications_protocol_to_high_throughput.pdf,Spazio,Spazio,0.28042398876079694,True
An_application_of_novel_communications_protocol_to_high_throughput_satellites.pdf,Spazio,Spazio,0.28042398876079694,True
Applying_Web-based_instruction_to_food_nutrition_course.pdf,Alimentazione,Alimentazione,0.12141072967336193,True
Archaeobotanical-analysis-of-a-mountainous-metallurgic_2025_Journal-of-Archa.pdf,Archeologia,Archeologia,0.3422787225429609,True
Archaeometallurgical-production-remains-in-In_2025_Journal-of-Archaeological.pdf,Archeologia,Archeologia,0.3849781326517162,True
Assessing-Milankovitch-forcing-during-and-in-the-af_2025_Palaeogeography--Pa.pdf,Data_analysis,Data_analysis,0.39146654506595885,True
Assessing-Neanderthal-occupation-duration--Faunal-ev_2025_Journal-of-Archaeo.pdf,Animale,Animale,0.13042797719836985,True
Assessing-nutrient-inputs--sediment-organic-matter-sources-_2025_Journal-of-.pdf,Archeologia,Archeologia,0.3725000691779543,True
Assessing-petrographic-variability-and-regional-connect_2025_Journal-of-Arch.pdf,Archeologia,Archeologia,0.39253331892049553,True
At-the-edge-of-the-Empire--at-the-turn-of-the-millennium--_2025_Journal-of-A.pdf,Data_analysis,Data_analysis,0.39091782547024345,True
Automated-SEM-EDS-mineralogical-characterisation-of-_2025_Journal-of-Archaeo.pdf,Archeologia,Archeologia,0.3951501049757614,True
A_Living_Sensor_Based_on_Sansevieria_Plant_for_Measurement_of_UV-A_Radiation.pdf,Botanica,Botanica,0.1274375474108124,True
Beyond-Pentelikon--Imported-white-marbles-in-Athenia_2025_Journal-of-Archaeo.pdf,antica,antica,0.21989628865482766,True
Biodiversity-science-of-ancient-fisheries--Archaeological-_2025_Journal-of-A.pdf,Animale,Animale,0.1256880370482782,True
Biological applications of.pdf,AI_ML,AI_ML,0.3697065785565879,True
Biology versus physics.pdf,AI_ML,AI_ML,0.36851425094949125,True
Blitz-UnderstandingHeideggerTechnology-2014.pdf,moderna,moderna,0.14563290683221264,True
Blurred-boundaries--Exploring-the-complexity-of-the-pro_2025_Journal-of-Arch.pdf,Archeologia,Archeologia,0.3885659242179543,True
Breastfeeding--weaning--and-dietary-patterns-in-the-ea_2025_Journal-of-Archa.pdf,Alimentazione,Alimentazione,0.12020959380954736,True
Bronze-Age-vitreous-materials-from-Central-Italy--A-f_2025_Journal-of-Archae.pdf,Preistoria,Preistoria,0.13762025653324905,True
Built-in-smartphone-LiDAR-for-archaeological-and_2025_Journal-of-Archaeologi.pdf,Data_analysis,Data_analysis,0.40568279103821037,True
Cell Biology International - 2013 - Welch - Cell versus protoplasm  revisionist history.pdf,Data_analysis,Data_analysis,0.38464111786279576,True
CellBiologyEducation.pdf,Data_analysis,Data_analysis,0.38695121913746183,True
Characteristics-of-aeolian-deposits-and-evolution-o_2025_Palaeogeography--Pa.pdf,Ambiente,Ambiente,0.3944618322797686,True
Characterization-of-black-paint-on-Aconcagua-Salmon-ceram_2025_Journal-of-Ar.pdf,Archeologia,Archeologia,0.38997385703496357,True
Characterization-of-Tuy-res-from-Lekie-Division--Cent_2025_Journal-of-Archae.pdf,Archeologia,Archeologia,0.3885051284583186,True
Circular RNA in cardiovascular disease.pdf,Cardiologia,Cardiologia,0.1250588175485084,True
Circulation-of-bronze-mirrors-between-China-and-Japan-d_2025_Journal-of-Arch.pdf,Archeologia,Archeologia,0.3832696417737738,True
Clastic-record-from-Northern-Tethyan-Himalaya--Implic_2025_Palaeogeography--.pdf,Data_analysis,Data_analysis,0.39945789515774954,True
Clinical-evidence-of-the-relationship-between-preconcepti_2025_Fertility-and.pdf,Data_analysis,Data_analysis,0.38613308246349504,True
Clinical-uncertainty-and-the-consequent-ethical-responsibilities_2024_Medici.pdf,contemporanea,contemporanea,0.10407962120703115,True
Comparison-of-vegetation-succession-patterns-in-the-mon_2025_Palaeogeography.pdf,Ambiente,Ambiente,0.3975439879103663,True
Conceiving-a-new-idea--fertile-grounds-for-large-scale-i_2025_Fertility-and-.pdf,Data_analysis,Data_analysis,0.38345374095870854,True
Confidentiality-in-medical-practice_2024_Medicine.pdf,Web_development,Data_analysis,0.10502274947211282,False
Constraint-based reasoning in cell biology.pdf,System_programming,System_programming,0.3190665798424801,True
Contents_2024_Medicine.pdf,contemporanea,contemporanea,0.12437546681800078,True
Content_Based_Automated_File_Organization_Using_Ma.pdf,AI_ML,AI_ML,0.3526963173774734,True
Continuation-of-hunter-gatherer-weaning-practic_2025_Journal-of-Archaeologic.pdf,Preistoria,Preistoria,0.10968073817181791,True
Controls-on-carbon-isotopes-during-the-upwelling-syste_2025_Palaeogeography-.pdf,Data_analysis,Data_analysis,0.39553298470540543,True
Copper-alloying-practices-of-Urartian-metalwork--Resu_2025_Journal-of-Archae.pdf,Archeologia,Archeologia,0.38404785690726434,True
Core-top-constraints-on-the-ecology-and-paleothe_2025_Palaeogeography--Palae.pdf,Data_analysis,Data_analysis,0.3916001801505145,True
cost effectiveness of radiation .pdf,Oncologia,Oncologia,0.16003960685353677,True
Cretaceous--Maastrichtian--Vertisols-of-the-Serra-da_2025_Palaeogeography--P.pdf,Ambiente,Ambiente,0.39201066877339685,True
Crimini Chicago_Antonio Mari.pdf,Data_analysis,Data_analysis,0.3790856559929747,True
Dental-mesowear-patterns-challenge-the-hypothesis-o_2025_Palaeogeography--Pa.pdf,Archeologia,Archeologia,0.37750834106236736,True
Dental-microwear-of-cave-bear--Ursus-spelaeus--revea_2025_Palaeogeography--P.pdf,Ecologia,Ecologia,0.18400281516044256,True
Developing_a_3D-Printed_Parallel_Manipulator_for_Enhancing_Robotics_Education.pdf,System_programming,System_programming,0.26385655760496185,True
Developing_a_3D-Printed_Parallel_Manipulator_for_Enhancing_Robotics_Education.pdf,System_programming,System_programming,0.26385655760496185,True
Developing_a_3D_Printed_Parallel_Manipulator_for_Enhancing_Robotics.pdf,System_programming,System_programming,0.26385655760496185,True
Development_of_an_AR_Food_Education_System_to_Support_Elementary_School_Nutrition_Education.pdf,Alimentazione,Alimentazione,0.12145449778631523,True
Differentiating-wild-and-domesticated-bananas-using-v_2025_Journal-of-Archae.pdf,Botanica,Botanica,0.12891895420702637,True
Digital_Forensic_Analysis_of_Online_Dating_Applications_on_Android_Using_the_Digital_Forensic_Research_Workshop_2001_Investigation_Model.pdf,Security,Security,0.38175991594224756,True
Does-exposure-to-heat-alter-stable-isotopes-in-ost_2025_Journal-of-Archaeolo.pdf,Data_analysis,Data_analysis,0.4017724531493423,True
Donation-decisions-after-death--The-case-for-_2017_Ethics--Medicine-and-Publ.pdf,Database,Database,0.11941028179875232,True
Dramatic-biome-changes-in-China-through-the-Cenozoic-Er_2025_Palaeogeography.pdf,Ambiente,Ambiente,0.3920473312949239,True
Earliest-Triassic-microbial-mounds-indicate-an--o_2025_Palaeogeography--Pala.pdf,Ambiente,Ambiente,0.3834842090779661,True
Editorial-board_2017_Ethics--Medicine-and-Public-Health.pdf,Archeologia,Archeologia,0.30371269604422374,True
Editorial-Board_2024_Medicine.pdf,Cardiologia,Cardiologia,0.12166274884487095,True
Editorial-Board_2025_Fertility-and-Sterility.pdf,antica,antica,0.1581741350732935,True
Editorial-Board_2025_Palaeogeography--Palaeoclimatology--Palaeoecology.pdf,Ecologia,Ecologia,0.18636411021381902,True
Editorial-preface-to-special-issue--Paleoenvironmen_2025_Palaeogeography--Pa.pdf,Archeologia,Archeologia,0.2862563749620072,True
Emerging_trends_in_Digital_Forensic_and_Cyber_security-_An_Overview.pdf,Security,Security,0.3891004490320576,True
Endometriosis-and-risk-of-adverse-pregnancy-outcomes--a-r_2025_Fertility-and.pdf,Database,Database,0.11845327763291533,True
Enhancing-sustainability-in-early-millet-agricu_2025_Palaeogeography--Palaeo.pdf,Preistoria,Preistoria,0.1349872139672486,True
Enhancing_Mediterranean_Agriculture_Towards_a_Sensor_Based_Decision_Support_Tool_for_Efficient_Irrigation_Management_in_Smallholder_Orchards.pdf,Data_analysis,Data_analysis,0.38009239783063004,True
Enqu-te-de-la-sant--mentale--De-l-importance-de-la-s_2017_Ethics--Medicine-a.pdf,Medicina,Medicina,0.16922287846296075,True
Enqu-te-de-la-sant--mentale--De-l-importance-de-la-s_2017_Ethics--Medicine-a.pdf,Medicina,Medicina,0.15522188921800095,True
Environmental-change-on-the-eastern-Arabian-shelf-du_2025_Palaeogeography--P.pdf,Data_analysis,Data_analysis,0.39727947034577993,True
Epibiosis-and-epifaunal-tiering-in-brachiopods-_2025_Palaeogeography--Palaeo.pdf,Cardiologia,Cardiologia,0.12786248761482297,True
Ethico-legal-considerations-in-the-assessment-of-capacity_2024_Medicine.pdf,Database,Database,0.11760897734639769,True
Ethics-at-the-end-of-life_2024_Medicine.pdf,Database,Database,0.09274475571163616,True
Ethics-of-genomic-technologies-in-medicine_2024_Medicine.pdf,Oncologia,Oncologia,0.17266862796810972,True
Examining-the-effects-of-a-large-scale-merger-on-in-vitro-fe_2025_Fertility-.pdf,Data_analysis,Data_analysis,0.3850399556527039,True
Experimental-evidence-for-the-efficacy-of-transve_2025_Journal-of-Archaeolog.pdf,Data_analysis,Data_analysis,0.3985469316864953,True
Exploring-ancient-Lifeways--Archaeobotanical-studi_2025_Journal-of-Archaeolo.pdf,Archeologia,Archeologia,0.36151139906302115,True
Extreme-faunal-endemism--super-island-faunas-_2025_Palaeogeography--Palaeocl.pdf,Data_analysis,Data_analysis,0.39077597977587486,True
Faecal-biomarkers-as-evidence-of-human-presence-in-t_2025_Journal-of-Archaeo.pdf,Archeologia,Archeologia,0.374689751674865,True
File_Type_Classification_for_Adaptive_Object_File_System.pdf,System_programming,System_programming,0.27326657128500076,True
First-evidence-of-hippopotamus-ivory-exchange-networks_2025_Journal-of-Archa.pdf,Data_analysis,Data_analysis,0.4277498857179803,True
First-successful-ovarian-cortex-allotransplant-to-a-Turner-_2025_Fertility-a.pdf,Oncologia,Oncologia,0.17139201459946027,True
First-technological-approach-to-a-late-Holocene-potte_2025_Journal-of-Archae.pdf,Archeologia,Archeologia,0.39449181280492224,True
Floating_solar_cell_power_generation_power_flow_design_and_its_connection_and_distribution.pdf,Energia,Energia,0.2948053126923167,True
Food-and-more-than-food--Potential-anuran-consumpti_2025_Journal-of-Archaeol.pdf,Archeologia,Archeologia,0.34867775164688136,True
foodlifestyle-04-2018.pdf,Alimentazione,Alimentazione,0.12077109783385066,True
Forecast_of_Economic_Development_in_Russia_2022-2035.pdf,Data_analysis,Data_analysis,0.38349497248992387,True
Freezing-futures--informed-decision-making-in-elective-_2025_Fertility-and-S.pdf,Data_analysis,Data_analysis,0.3887221440906929,True
From-excavation-to-analysis--Experimental-insights-o_2025_Journal-of-Archaeo.pdf,Archeologia,Archeologia,0.39255309107744496,True
Fuzzy_file_management.pdf,System_programming,System_programming,0.2641602080493181,True
Genetic-structure-of-Shandong-taurine-cat_2025_Journal-of-Archaeological-Sci.pdf,Data_analysis,Data_analysis,0.3967667897225774,True
Geographic-insularity-and-intra-lifetime-mobility-in-La_2025_Journal-of-Arch.pdf,Archeologia,Archeologia,0.32264037567070125,True
Glass-as-a-chronological-indicator--Macroscopic-and-com_2025_Journal-of-Arch.pdf,Archeologia,Preistoria,0.13645575924797548,False
Habiter-la-m-decine_2017_Ethics--Medicine-and-Public-Health.pdf,System_programming,System_programming,0.18355274370030392,True
High-resolution-Ordovician--Floian-Sandbian--carbon-isot_2025_Palaeogeograph.pdf,Data_analysis,Data_analysis,0.3926820007808347,True
High-sperm-deoxyribonucleic-acid-fragmentation-index-is-assoc_2025_Fertility.pdf,Data_analysis,Data_analysis,0.3838983078879946,True
Hydrological-staging-of-a-second-carved-shelter-in_2025_Journal-of-Archaeolo.pdf,Archeologia,Archeologia,0.38741136717375735,True
Identify-the-genus-origin-of-animal-glue-used-in-Chines_2025_Journal-of-Arch.pdf,Animale,Animale,0.12656056351779407,True
Informed-consent-and-Montgomery-implications-for-clinical-pract_2024_Medicin.pdf,Security,Security,0.18656602972380604,True
Initiation-and-outcomes-of-women-pursuing-planned-fert_2025_Fertility-and-St.pdf,Data_analysis,Data_analysis,0.38916168890978703,True
Innovative-archiving-of-raw-materials--Advancing-archae_2025_Journal-of-Arch.pdf,Data_analysis,Data_analysis,0.42887934498010516,True
Intentionally-terminating-life--ITL--and-doctors--direct-involv_2024_Medicin.pdf,Data_analysis,Data_analysis,0.3724352904009152,True
Interregional networks in the late Viking Age_ I.pdf,Archeologia,Archeologia,0.3763033931712019,True
Introducing-the-Post-Glacial-Land-Adjustment-Regenerator-_2025_Journal-of-Ar.pdf,Archeologia,Archeologia,0.3858308200877262,True
Investigating-the-impacts-of-4-2-ka-and-3-2-ka-BP-climatic_2025_Journal-of-A.pdf,Ambiente,Ambiente,0.39894089612759753,True
Is-it-time-for-new-guidelines-for-recurrent-pregnancy-loss-in_2025_Fertility.pdf,Data_analysis,Data_analysis,0.3828263876675345,True
Island-hopping-across-the-Wallace-Line--A-new-Pleist_2025_Palaeogeography--P.pdf,Data_analysis,Data_analysis,0.39187771658029985,True
Isotopic-analysis-as-proxy-to-investigate-the-presence-_2025_Journal-of-Arch.pdf,Archeologia,Archeologia,0.37362760132724254,True
JCB_Susana Godinho Placing cell biology at the center of cancer research.pdf,Oncologia,Oncologia,0.16673087259142091,True
jci-131-139807-1.pdf,Oncologia,Oncologia,0.1675848756924664,True
jci-131-139807.pdf,Oncologia,Oncologia,0.1675848756924664,True
June-September-mean-temperature-variability-in-the-ea_2025_Palaeogeography--.pdf,Data_analysis,Data_analysis,0.3920597314138316,True
Lake-shoreline-identification-and-water-storage-change_2025_Palaeogeography-.pdf,Archeologia,Archeologia,0.311607225289844,True
"Landscape and subsistence in NW Iberia during the Middle Palaeolithic (MIS3)_ Faunal analysis of Cova Eir√≥s (Triacastela, Galicia, Spain).pdf",Archeologia,Archeologia,0.3374078378825259,True
Laparoscopic-salpingostomy-for-two-types-of-hydrosalpinx_2025_Fertility-and-.pdf,Data_analysis,Data_analysis,0.38231193453085754,True
Le-plagiat--le-pas-factice-de-la-cr-ati_2017_Ethics--Medicine-and-Public-Hea.pdf,Spazio,Spazio,0.29294601178723506,True
"Learning from failures in cruise ship industry_ The blackout of Viking Sky in Hustadvika,Norway.pdf",Energia,Energia,0.3065282586259298,True
Lettre-ouverte-----Quelle-le-on-tirer-de-la-r-cente-controv_2017_Ethics--Med.pdf,Ecologia,Ecologia,0.12861938131757497,True
Lopingian-biotic-crisis-and-global-correlation-_2025_Palaeogeography--Palaeo.pdf,Data_analysis,Data_analysis,0.3895078463126291,True
Luteinizing-hormone-s-critical-role-in-ovarian-stim_2025_Fertility-and-Steri.pdf,Data_analysis,Data_analysis,0.38544919794793536,True
Magnetic-mineral-dissolution-front-delimited-by-late_2025_Palaeogeography--P.pdf,Data_analysis,Data_analysis,0.396154436046472,True
Major-Late-Pleistocene-explosive-eruptions-of-Changb_2025_Palaeogeography--P.pdf,Data_analysis,Data_analysis,0.3965752836628267,True
Maritime safety_ Prevention versus mitigation_.pdf,Data_analysis,Data_analysis,0.3817465218235956,True
Medical-ethical-principles-against-the-background-of--European-_2024_Medicin.pdf,System_programming,System_programming,0.21248111091698843,True
Micro-XRF-analysis-of-Early-Bronze-Age-gold-a_2025_Journal-of-Archaeological.pdf,Archeologia,Archeologia,0.3888602834330351,True
Mining-tools-from-the-prehistoric-quarries-in-Serra-Lla_2025_Journal-of-Arch.pdf,Data_analysis,Data_analysis,0.4236241571634918,True
Mobility-of-Scandinavian-commodities-in-the-Middle-Ages-_2025_Journal-of-Arc.pdf,Archeologia,Archeologia,0.38723233293066456,True
Modeling_file_system_organizations_in_a_local_area_network_environment.pdf,System_programming,System_programming,0.2632108933135759,True
Modeling_of_Inter-Satellite_Link_Protocol_for_Satellite_Constellation.pdf,Spazio,Spazio,0.2774358277084795,True
Modern-silica-sinter-deposits-from-an-island-ar_2025_Palaeogeography--Palaeo.pdf,Botanica,Botanica,0.1294701869228455,True
Monsoonal-intensity-dominated-the-Eocene-evolutio_2025_Palaeogeography--Pala.pdf,Ambiente,Ambiente,0.3902047104269811,True
Morphological-diversity-of-the-Russian-olive--Elaeagnus_2025_Journal-of-Arch.pdf,Botanica,Botanica,0.13178673712518255,True
Morphological-evolution-of-lingulids--Brachiopoda---_2025_Palaeogeography--P.pdf,Data_analysis,Data_analysis,0.3823501735768031,True
Morphometric-and-aDNA-study-of-charred-plant-remains-_2025_Journal-of-Archae.pdf,Data_analysis,Data_analysis,0.42369426018192774,True
Mortuary practices in Late Bronze Age Cyprus_ Demographic and taphonomic insights from two tombs in Limassol.pdf,Animale,Animale,0.12747613212403908,True
Multi-Hop_Conjugation_Based_Bacteria_Nanonetworks.pdf,Spazio,Spazio,0.28042398876079694,True
Multidisciplinary-health-care-for-women-with-Mayer-Roki_2025_Fertility-and-S.pdf,Data_analysis,Data_analysis,0.38402594734880136,True
Network-entropy-as-a-key-to-the-past--A-quantitativ_2025_Journal-of-Archaeol.pdf,Data_analysis,Data_analysis,0.4072857649276848,True
"Newly discovered Early to Middle Triassic Conodont faunas in the Shiquanhe area, western Lhasa Block, Xizang (Tibet) and their biostratigraphic and palaeobiogeographic implications.pdf",Data_analysis,Data_analysis,0.38244603673893246,True
"Newly discovered Early to Middle Triassic Conodont faunas in the Shiquanhe area, western Lhasa Block, Xizang (Tibet) and their biostratigraphic and palaeobiogeographic implications.pdf",Data_analysis,Data_analysis,0.38244603673893246,True
Newly-discovered-Early-to-Middle-Triassic-Conodont-fauna_2025_Palaeogeograph.pdf,Data_analysis,Data_analysis,0.38244603673893246,True
Newly-discovered-Early-to-Middle-Triassic-Conodont-fauna_2025_Palaeogeograph.pdf,Data_analysis,Data_analysis,0.38244603673893246,True
Non-adjectival-bioethics_2017_Ethics--Medicine-and-Public-Health.pdf,moderna,moderna,0.13908575240007032,True
On-the-philosophical-foundations-of-medical-ethics-_2017_Ethics--Medicine-an.pdf,Energia,Energia,0.2636698637243458,True
Orbital-forcing-of-lacustrine-cycles-in-the-Eocen_2025_Palaeogeography--Pala.pdf,Data_analysis,Data_analysis,0.39108223881497767,True
Orbital-scale-competition-of-biogenic-carbonate-and-op_2025_Palaeogeography-.pdf,Data_analysis,Data_analysis,0.4023832361438567,True
Orbital-scale-precipitation-variations-in-North_2025_Palaeogeography--Palaeo.pdf,Ambiente,Ambiente,0.3858649947748135,True
Oregon-Oligo-Miocene-herbivore-community-structu_2025_Palaeogeography--Palae.pdf,Ecologia,Ecologia,0.18268857838043848,True
Organic-carbon-burial-in-a-middle-Eocene-East-Asi_2025_Palaeogeography--Pala.pdf,Ambiente,Ambiente,0.40117768776032403,True
Origin-and-provenance-of-Lower-Jurassic-clastic-rocks-in_2025_Palaeogeograph.pdf,Data_analysis,Data_analysis,0.4045647091488021,True
Ovarian-stimulation-2-0_2025_Fertility-and-Sterility.pdf,System_programming,System_programming,0.33169827296969606,True
Ovarian-stimulation-protocols--impact-on-oocyte-and-end_2025_Fertility-and-S.pdf,Data_analysis,Data_analysis,0.38795836951518253,True
Oxygen-levels-regulate-the-co-evolution-of-non-terrige_2025_Palaeogeography-.pdf,Data_analysis,Data_analysis,0.4007934964681668,True
Palaeoecological-studies-on-the-development-of-the-_2025_Palaeogeography--Pa.pdf,Botanica,Botanica,0.13214669526494946,True
Paleo-ocean-chemistry-characteristics-of-the-Cryogen_2025_Palaeogeography--P.pdf,Data_analysis,Data_analysis,0.3960735414657324,True
Permafrost-peatland-development-at-thermokarst-lake-marg_2025_Palaeogeograph.pdf,Ambiente,Ambiente,0.39880400389488474,True
Perspectives_of_Digital_TV_applications_development_in_Russia.pdf,Data_analysis,Data_analysis,0.38835684014698313,True
Petrographic-chert-characterization-of-Suwannee-project_2025_Journal-of-Arch.pdf,Archeologia,Archeologia,0.39116962469889044,True
Physical-activity-and-male-fertility--finding-the-s_2025_Fertility-and-Steri.pdf,Data_analysis,Data_analysis,0.380388327601967,True
ping pong.pdf,System_programming,System_programming,0.2969331893025311,True
Plant-and-animal-molecules-non-previously-identifi_2025_Journal-of-Archaeolo.pdf,Botanica,Botanica,0.13465625332876974,True
Plant-macro-remains-preserved-in-slag-pit-furnaces-f_2025_Journal-of-Archaeo.pdf,Botanica,Botanica,0.13706849779720431,True
Polycystic-ovarian-syndrome--obesity--and-insulin-resistance-_2025_Fertility.pdf,Data_analysis,Data_analysis,0.39635610947753497,True
Power_amp_energy_optimization_in_solar_photovoltaic_and_concentrated_solar_power_systems.pdf,Energia,Energia,0.2948523418438169,True
Preeclampsia--more-than-just-a-maternal-disease_2025_Fertility-and-Sterility.pdf,System_programming,System_programming,0.335706636643238,True
Pregnancy-and-delivery-outcomes-after-abdominal-vs--laparosc_2025_Fertility-.pdf,Data_analysis,Data_analysis,0.3857260964360834,True
Prehispanic-Maya-dental-inlays-in-teeth-with-open-_2025_Journal-of-Archaeolo.pdf,Data_analysis,Data_analysis,0.40492907898732705,True
Prehistoric-agricultural-practices-and-subsistence-s_2025_Journal-of-Archaeo.pdf,Archeologia,Archeologia,0.35443479539073713,True
Preimplantation-genetic-testing-for-aneuploidy-in-unexplaine_2025_Fertility-.pdf,Data_analysis,Data_analysis,0.3858808622642371,True
Preimplantation-genetic-testing-for-aneuploidy-is-associated-with_2025_Ferti.pdf,Data_analysis,Data_analysis,0.3850781679336768,True
Preovulation-body-mass-index-and-pregnancy-after-first-frozen_2025_Fertility.pdf,Data_analysis,Data_analysis,0.394820169426017,True
Principles--rules--and-the-deflation-of-the-g_2017_Ethics--Medicine-and-Publ.pdf,moderna,moderna,0.13151939271577662,True
Prise-en-charge-des-urgences-en-odontologie---de-l_2017_Ethics--Medicine-and.pdf,Web_development,Data_analysis,0.10809375494560038,False
Qiangtang-Plateau-high-pressure-system-and-Indian-summ_2025_Palaeogeography-.pdf,Data_analysis,Data_analysis,0.38182442098703373,True
Quantitative cell biology.pdf,Data_analysis,Data_analysis,0.3897485539823783,True
Quantitative-insights-into-the-community-shifts-of-bi_2025_Palaeogeography--.pdf,Ecologia,Ecologia,0.19904886663300428,True
RAD-seq-reveals-Cenozoic-shifts-in-the-palaeogeograph_2025_Palaeogeography--.pdf,Ecologia,Ecologia,0.1839622745979828,True
Rae-ReThinkingHumanHeidegger-2010.pdf,Data_analysis,Data_analysis,0.34610099667931893,True
Rapid-detection-of-aged-collagen-in-archaeological-_2025_Journal-of-Archaeol.pdf,Archeologia,Archeologia,0.3796766478539205,True
Real-time_capable_file_system_for_scalable_media_Algorithms_amp_caching_strategy_for_exploiting_scalability_on_file_system_level.pdf,System_programming,System_programming,0.26402455323955515,True
Recapitulating human cardio- pulmonary.pdf,Cardiologia,Cardiologia,0.12438643875905175,True
Reconstructing-manufacturing-technologies--micro_2025_Journal-of-Archaeologi.pdf,Archeologia,Archeologia,0.38572940554185225,True
Recovery-of-siliceous-ecosystems-promoted-_2025_Palaeogeography--Palaeoclima.pdf,Data_analysis,Data_analysis,0.4019691697952275,True
Reply-of-the-author-to--real-world-evidence-_2025_Fertility-and-Sterility.pdf,Data_analysis,Data_analysis,0.3830270705561891,True
Reply-of-the-authors--a-call-for-metabolic-stratification-withi_2025_Fertili.pdf,Cardiologia,Cardiologia,0.12229103480448551,True
Reply-of-the-authors-to--Clinical-evidence-of-the-relationsh_2025_Fertility-.pdf,Data_analysis,Data_analysis,0.38601906457657337,True
Research_on_Multi-objective_Optimization_of_Economic_Performance_of_Solar_Thermal_Power_System.pdf,Energia,Energia,0.2874584062940176,True
Rethinking-strontium-variability-beyond-mobility--Stront_2025_Journal-of-Arc.pdf,antica,antica,0.2310484299442076,True
Retraction-notice-to--Psychological-assessment-of-the-effects-of_2025_Fertil.pdf,Data_analysis,Data_analysis,0.38212809105756407,True
Review-of-the-techno-economic-trends-from-Cova-de-les-Cen_2025_Journal-of-Ar.pdf,Archeologia,Archeologia,0.3716375394951173,True
Scoping-out-follicles--simultaneous-laparoscopic-ovarian-cy_2025_Fertility-a.pdf,Data_analysis,Data_analysis,0.3848965157291426,True
SEAL_Secure_and_Efficient_Authentication_using_Linkage_for_Blockchain_Networks.pdf,Security,Security,0.3635227600438806,True
Sedimentary-records-reveal-an-early-Cambrian-act_2025_Palaeogeography--Palae.pdf,Data_analysis,Data_analysis,0.40272532377116227,True
Sedimentation-in-the-ephemeral-landslide-dammed-paleol_2025_Palaeogeography-.pdf,Data_analysis,Data_analysis,0.39358278944899505,True
Settlement-adaptation-and-social-evolution-under-_2025_Palaeogeography--Pala.pdf,Preistoria,Preistoria,0.1312787799765211,True
Shifty-baselines--The-landscape-factor-in-archaeologic_2025_Journal-of-Archa.pdf,Animale,Animale,0.12876627960199782,True
Shipwreck-detection-in-bathymetry-data-using-semi-automat_2025_Journal-of-Ar.pdf,AI_ML,AI_ML,0.38067135206209146,True
Should-we-rescue-clubbed-fallopian-tubes--A-commentary-on--La_2025_Fertility.pdf,System_programming,System_programming,0.333650706428987,True
Sourcing-sandstone-ground-stone-tools-from-Neolit_2025_Journal-of-Archaeolog.pdf,Archeologia,Archeologia,0.3890962555899842,True
Spatiotemporal-evolution-of-an-Early-Jurassic-er_2025_Palaeogeography--Palae.pdf,System_programming,System_programming,0.3147444342585337,True
Stable-Isotope-Ecology-of-the-Early-Miocene-Rusinga-I_2025_Palaeogeography--.pdf,Ecologia,Ecologia,0.18351217462155214,True
Stepwise-intensification-of-human-activities-o_2025_Palaeogeography--Palaeoc.pdf,Ambiente,Ambiente,0.4019083964718951,True
Study_on_the_feasibility_of_improving_the_indoor_air_quality_from_the_perspective_of_circular_economy_by_activation_of_biological_calcium.pdf,Ambiente,Ambiente,0.3805562406003464,True
Subtropical-humid-forests-as-a-refuge-for-Late-_2025_Palaeogeography--Palaeo.pdf,Data_analysis,Data_analysis,0.38969430609496836,True
Table-of-Contents_2025_Fertility-and-Sterility.pdf,Database,Database,0.11930807123753887,True
Taphonomic-analysis-of-storm-influenced-shallow-ma_2025_Palaeogeography--Pal.pdf,Ambiente,Ambiente,0.3884877833734137,True
Taphonomy-of-the-Krak-w-Spadzista--Late-Gravetti_2025_Journal-of-Archaeologi.pdf,Animale,Animale,0.12780991020753119,True
Tectonic-climatic-coupling-drove-a-mid-pleistocene-river_2025_Palaeogeograph.pdf,Archeologia,Archeologia,0.3844070128097508,True
Tectonic-controls-on-the-paleogeography-of-mount_2025_Palaeogeography--Palae.pdf,Data_analysis,Data_analysis,0.3977643011883954,True
Thank-you-to-our-reviewers_2025_Fertility-and-Sterility.pdf,Medicina,Medicina,0.14651385168616465,True
The-9-2-ka-event-during-the-early-Holocene-re_2025_Palaeogeography--Palaeocl.pdf,Ambiente,Ambiente,0.3956378054464004,True
The-application-of-fragrant-ointments-and-pigment_2025_Journal-of-Archaeolog.pdf,Archeologia,Archeologia,0.3389302401063732,True
The-application-of-geophysical-prospection-to-understan_2025_Journal-of-Arch.pdf,Archeologia,Archeologia,0.38466919902429364,True
The-dynamics-of-carbon-cycle-changes-and-their-un_2025_Palaeogeography--Pala.pdf,Data_analysis,Data_analysis,0.39674558480227134,True
The-effect-of-survivorship-bias-on-archaeological-oyste_2025_Journal-of-Arch.pdf,Cardiologia,Cardiologia,0.1273706959678301,True
The-effects-of-resources-and-population-expansion-on-f_2025_Journal-of-Archa.pdf,Ecologia,Ecologia,0.18249694756922022,True
The-high-sensitivity-of-stable-carbon-and-oxygen-_2025_Palaeogeography--Pala.pdf,Data_analysis,Data_analysis,0.3922710039037054,True
The-history-of-soil-gleyization-in-the-Songnen-Plain_2025_Palaeogeography--P.pdf,Ambiente,Ambiente,0.39507542718113575,True
The-necessity-for-authentication-of-ancient-DNA-f_2025_Journal-of-Archaeolog.pdf,Data_analysis,Data_analysis,0.4034310216115916,True
The-Nuremberg-veil_2017_Ethics--Medicine-and-Public-Health.pdf,Energia,Energia,0.24867037931333918,True
The-origins-of-copper-ores-at-Gre-Fi-lla--T-RK-YE-_2025_Journal-of-Archaeolo.pdf,Archeologia,Archeologia,0.3887544318866001,True
The-palaeoenvironmental-context-of-MIS-3-and-the-use-of_2025_Journal-of-Arch.pdf,Archeologia,Archeologia,0.36707132644287915,True
The-reconstruction-of-water-table-depth-over-the-past-3_2025_Palaeogeography.pdf,Data_analysis,Data_analysis,0.39827444520930144,True
The-relevance-of-Kant-s-philosophy-for-contemporary-medical-eth_2024_Medicin.pdf,contemporanea,contemporanea,0.12868638463673812,True
The-role-of-letrozole-in-in-vitro-fertilization-treatme_2025_Fertility-and-S.pdf,Oncologia,Oncologia,0.17392907913225647,True
The-slippery-slope--some-remarks-on-the-long-and-_2017_Ethics--Medicine-and-.pdf,System_programming,System_programming,0.29053474760031756,True
They-came-from-near-and-far---Strontium-isotope-analys_2025_Journal-of-Archa.pdf,Archeologia,Archeologia,0.338984877600853,True
The_Development_of_a_Digital_Forensic_Framework_for_Ease_of_Forensic_Analysis.pdf,Data_analysis,Data_analysis,0.40992295490866476,True
The_Virtual_Cell_a_software.pdf,Data_analysis,Data_analysis,0.3866308282280219,True
This-must-be-the-place--Spatial-analysis-of-the-Upper_2025_Journal-of-Archae.pdf,Botanica,Botanica,0.13400316181887423,True
Time-domain_based_feature_space_at_FLUXNET_sites_for_vegetation_patterns_identification.pdf,Spazio,Spazio,0.2684598579723616,True
Timing-and-cultural-environmental-context-of-the-_2025_Journal-of-Archaeolog.pdf,Archeologia,Archeologia,0.3553217876212494,True
To-the-editor--understanding-presperm-retrieval-hormonal-tre_2025_Fertility-.pdf,Data_analysis,Data_analysis,0.3829660467301539,True
Topographic-analysis-of-ceramic-vessel-surfaces-and-v_2025_Journal-of-Archae.pdf,Data_analysis,Data_analysis,0.42714452056584634,True
Traceological-analyses-of-tool-marks-on-western-Iberian-s_2025_Journal-of-Ar.pdf,Data_analysis,Data_analysis,0.41198216120079756,True
Tracing-connections--Exploring-links-between-Marandet-_2025_Journal-of-Archa.pdf,Archeologia,Archeologia,0.3931055875510571,True
Tracing-the-Albian-Cenomanian-boundary-and-OAE1d-carbo_2025_Palaeogeography-.pdf,Data_analysis,Data_analysis,0.39680798359507796,True
Tracing-the-environmental-footprint-of-a-Lusatian_2025_Journal-of-Archaeolog.pdf,Archeologia,Archeologia,0.3595809775120371,True
Track-trackmaker-correlation-of-co-occurring-gorgon_2025_Palaeogeography--Pa.pdf,Animale,Animale,0.12254467893310439,True
Transmitarrays_for_Wireless_Power_Transfer_on_Earth_and_in_Space.pdf,Energia,Energia,0.28915468366828934,True
Transplantation-and-consent_2024_Medicine.pdf,Cardiologia,Cardiologia,0.07883869411769434,True
Trauma-or-taphonomy--A-forensic-reassessment-of-perimorte_2025_Journal-of-Ar.pdf,Archeologia,Archeologia,0.3789764300448051,True
Ultrasound and MR findings in tumor.pdf,Oncologia,Oncologia,0.15929548237130137,True
Up-the-mountain-and-back-again--sequential-stable-isotope_2025_Journal-of-Ar.pdf,Botanica,Botanica,0.13275747237596425,True
Upper-Permian-to-lowermost-Triassic-carbon-isot_2025_Palaeogeography--Palaeo.pdf,Data_analysis,Data_analysis,0.38928146595443863,True
Utilization-of-wild-animal-resources-on-the-silk-road_2025_Journal-of-Archae.pdf,Archeologia,Archeologia,0.38226634534724874,True
Value-pluralism--moral-diversity--moral-reasoning-_2017_Ethics--Medicine-and.pdf,System_programming,System_programming,0.2563290475974275,True
Virtual_Dietitian_A_Nutrition_Knowledge-Based_System_Using_Forward_Chaining_Algorithm.pdf,Alimentazione,Alimentazione,0.12212165133438489,True
Vision-personnelle-et-professionnelle-d-un-g-riatre-sur-l_2017_Ethics--Medic.pdf,Oncologia,Oncologia,0.18121773365036106,True
Wood-from-the-4th---7th-century-CE-in-Ku-a-Caves-in-_2025_Journal-of-Archaeo.pdf,Archeologia,Archeologia,0.36988556111828447,True
Working-in-partnership-with-patients---what-does-it-mean-in-clin_2024_Medici.pdf,Database,Database,0.09386649783117439,True
360-degree-view-of-earth-with-embedding-field-data-represen,Data_analysis,Web_development,0.5688329568673433,False
360-degree-view-of-earth-with-embedding-field-data-represen,Data_analysis,Web_development,0.5688329568673433,False
360-degree-view-of-earth-with-embedding-field-data-repr_002,Data_analysis,Web_development,0.5688329568673433,False
360-degree-view-of-earth-with-embedding-field-data-repr_003,Data_analysis,Web_development,0.5688329568673433,False
a star,Altro,Web_development,0.5688329568673433,False
a,Web_development,Web_development,0.5688329568673433,True
a,Web_development,Web_development,0.5688329568673433,True
a,Web_development,Web_development,0.5688329568673433,True
a,Web_development,Web_development,0.5688329568673433,True
enterprise-page-code,Web_development,Web_development,0.5688329568673433,True
enterprise-page-code,Web_development,Web_development,0.5688329568673433,True
enterprise-page-code,Web_development,Web_development,0.5688329568673433,True
enterprise-page-code,Web_development,Web_development,0.5688329568673433,True
google-analytics_analytics,Web_development,Web_development,0.5688329568673433,True
google-analytics_analytics,Web_development,Web_development,0.5688329568673433,True
google-analytics_analytics,Web_development,Web_development,0.5688329568673433,True
google-analytics_analytics_002,Web_development,Web_development,0.5688329568673433,True
google-analytics_analytics_002,Web_development,Web_development,0.5688329568673433,True
google-analytics_analytics_002,Web_development,Web_development,0.5688329568673433,True
iabTracking.31cf81e3384788188e0d.bundle,Altro,Web_development,0.5688329568673433,False
iabTracking.31cf81e3384788188e0d.bundle,Altro,Web_development,0.5688329568673433,False
iabTracking.31cf81e3384788188e0d.bundle,Altro,Web_development,0.5688329568673433,False
iabTracking.7f23064d1f64f976ca2f.bundle,Web_development,Web_development,0.5688329568673433,True
iabTracking.7f23064d1f64f976ca2f.bundle,Web_development,Web_development,0.5688329568673433,True
main.defdfeb3de149b091756.bundle,Altro,Web_development,0.5688329568673433,False
main.defdfeb3de149b091756.bundle,Altro,Web_development,0.5688329568673433,False
main.defdfeb3de149b091756.bundle,Altro,Web_development,0.5688329568673433,False
main.defdfeb3de149b091756.bundle,Altro,Web_development,0.5688329568673433,False
main.f9564e78412a50587407.bundle,Web_development,Web_development,0.5688329568673433,True
main.f9564e78412a50587407.bundle,Web_development,Web_development,0.5688329568673433,True
osano,Web_development,Web_development,0.5688329568673433,True
osano,Web_development,Web_development,0.5688329568673433,True
osano,Web_development,Web_development,0.5688329568673433,True
osano,Web_development,Web_development,0.5688329568673433,True
runtime.6ced9032f04547e7d96b.bundle,Web_development,Web_development,0.5688329568673433,True
runtime.6ced9032f04547e7d96b.bundle,Web_development,Web_development,0.5688329568673433,True
runtime.6ced9032f04547e7d96b.bundle,Web_development,Web_development,0.5688329568673433,True
runtime.6ced9032f04547e7d96b.bundle,Web_development,Web_development,0.5688329568673433,True
runtime.8343b4df7bb0cd316091.bundle,Altro,Web_development,0.5688329568673433,False
runtime.8343b4df7bb0cd316091.bundle,Altro,Web_development,0.5688329568673433,False
runtime.8343b4df7bb0cd316091.bundle,Altro,Web_development,0.5688329568673433,False
social-ux-non-critical,Web_development,Web_development,0.5688329568673433,True
social-ux-non-critical,Web_development,Web_development,0.5688329568673433,True
social-ux-non-critical,Web_development,Web_development,0.5688329568673433,True
Google DeepMind's AlphaEarth Tracks Earth's Changes - IEEE Spectrum_files,Altro,Web_development,0.5688329568673433,False
Meerkat Substation Security_ Protecting Energy Networks from Threats - IEEE Spectrum_files,Energia,Web_development,0.5688329568673433,False
Nuclear Batteries_ Energy Storage for Decades - IEEE Spectrum_files,Energia,Web_development,0.5688329568673433,False
Google DeepMind's AlphaEarth Tracks Earth's Changes - IEEE Spectrum,Web_development,Web_development,0.5688329568673433,True
Innovating Smart Infrastructure With 4D Tech - IEEE Spectrum,Web_development,Web_development,0.5688329568673433,True
Meerkat Substation Security_ Protecting Energy Networks from Threats - IEEE Spectrum,Energia,Web_development,0.5688329568673433,False
Nuclear Batteries_ Energy Storage for Decades - IEEE Spectrum,Energia,Web_development,0.5688329568673433,False
a,Web_development,Web_development,0.5688329568673433,True
a,Web_development,Web_development,0.5688329568673433,True
a,Web_development,Web_development,0.5688329568673433,True
a,Web_development,Web_development,0.5688329568673433,True
enterprise-page-code,Web_development,Web_development,0.5688329568673433,True
enterprise-page-code,Web_development,Web_development,0.5688329568673433,True
enterprise-page-code,Web_development,Web_development,0.5688329568673433,True
google-analytics_analytics,Web_development,Web_development,0.5688329568673433,True
google-analytics_analytics,Web_development,Web_development,0.5688329568673433,True
google-analytics_analytics,Web_development,Web_development,0.5688329568673433,True
google-analytics_analytics_002,Web_development,Web_development,0.5688329568673433,True
google-analytics_analytics_002,Web_development,Web_development,0.5688329568673433,True
google-analytics_analytics_002,Web_development,Web_development,0.5688329568673433,True
iabTracking.31cf81e3384788188e0d.bundle,Altro,Web_development,0.5688329568673433,False
iabTracking.31cf81e3384788188e0d.bundle,Altro,Web_development,0.5688329568673433,False
iabTracking.31cf81e3384788188e0d.bundle,Altro,Web_development,0.5688329568673433,False
iabTracking.31cf81e3384788188e0d.bundle,Altro,Web_development,0.5688329568673433,False
iabTracking.7f23064d1f64f976ca2f.bundle,Web_development,Web_development,0.5688329568673433,True
iabTracking.7f23064d1f64f976ca2f.bundle,Web_development,Web_development,0.5688329568673433,True
iabTracking.7f23064d1f64f976ca2f.bundle,Web_development,Web_development,0.5688329568673433,True
iabTracking.7f23064d1f64f976ca2f.bundle,Web_development,Web_development,0.5688329568673433,True
main.defdfeb3de149b091756.bundle,Altro,Web_development,0.5688329568673433,False
main.defdfeb3de149b091756.bundle,Altro,Web_development,0.5688329568673433,False
main.defdfeb3de149b091756.bundle,Altro,Web_development,0.5688329568673433,False
main.defdfeb3de149b091756.bundle,Altro,Web_development,0.5688329568673433,False
main.f9564e78412a50587407.bundle,Web_development,Web_development,0.5688329568673433,True
main.f9564e78412a50587407.bundle,Web_development,Web_development,0.5688329568673433,True
main.f9564e78412a50587407.bundle,Web_development,Web_development,0.5688329568673433,True
osano,Web_development,Web_development,0.5688329568673433,True
osano,Web_development,Web_development,0.5688329568673433,True
runtime.6ced9032f04547e7d96b.bundle,Web_development,Web_development,0.5688329568673433,True
runtime.6ced9032f04547e7d96b.bundle,Web_development,Web_development,0.5688329568673433,True
runtime.6ced9032f04547e7d96b.bundle,Web_development,Web_development,0.5688329568673433,True
runtime.6ced9032f04547e7d96b.bundle,Web_development,Web_development,0.5688329568673433,True
runtime.8343b4df7bb0cd316091.bundle,Altro,Web_development,0.5688329568673433,False
runtime.8343b4df7bb0cd316091.bundle,Altro,Web_development,0.5688329568673433,False
runtime.8343b4df7bb0cd316091.bundle,Altro,Web_development,0.5688329568673433,False
runtime.8343b4df7bb0cd316091.bundle,Altro,Web_development,0.5688329568673433,False
smiling-portrait-of-carolina-moreira-delci,Altro,Web_development,0.5688329568673433,False
smiling-portrait-of-carolina-moreira-delci,Altro,Web_development,0.5688329568673433,False
smiling-portrait-of-carolina-moreira-delci_002,Altro,Web_development,0.5688329568673433,False
social-ux-non-critical,Web_development,Web_development,0.5688329568673433,True
social-ux-non-critical,Web_development,Web_development,0.5688329568673433,True
social-ux-non-critical,Web_development,Web_development,0.5688329568673433,True
360-degree-view-of-earth-with-embedding-field-data-represen,Data_analysis,Web_development,0.5688329568673433,False
360-degree-view-of-earth-with-embedding-field-data-represen,Data_analysis,Web_development,0.5688329568673433,False
a-man-looks-at-the-starry-night-sky,Altro,Web_development,0.5688329568673433,False
a-rendering-of-the-windrunner-aircraft-in-flight-over-mount,Altro,Web_development,0.5688329568673433,False
a-rendering-of-the-windrunner-aircraft-in-flight-over-m_002,Altro,Web_development,0.5688329568673433,False
a-rendering-of-the-windrunner-aircraft-on-a-dirt-track-in-t,Altro,Web_development,0.5688329568673433,False
a,Web_development,Web_development,0.5688329568673433,True
a,Web_development,Web_development,0.5688329568673433,True
a,Web_development,Web_development,0.5688329568673433,True
aerial-diagram-of-windrunner-airplane-design-with-annotated,Altro,Web_development,0.5688329568673433,False
a_002,Web_development,Web_development,0.5688329568673433,True
diagram-of-a-plane-designed-to-transport-large-turbine-blad,Energia,Web_development,0.5688329568673433,False
electric-substation-aerial-view-with-security-zones-marked-,Security,Web_development,0.5688329568673433,False
enterprise-page-code,Web_development,Web_development,0.5688329568673433,True
enterprise-page-code,Web_development,Web_development,0.5688329568673433,True
enterprise-page-code,Web_development,Web_development,0.5688329568673433,True
google-analytics_analytics,Web_development,Web_development,0.5688329568673433,True
google-analytics_analytics,Web_development,Web_development,0.5688329568673433,True
google-analytics_analytics,Web_development,Web_development,0.5688329568673433,True
google-analytics_analytics_002,Web_development,Web_development,0.5688329568673433,True
google-analytics_analytics_002,Web_development,Web_development,0.5688329568673433,True
google-analytics_analytics_002,Web_development,Web_development,0.5688329568673433,True
google-analytics_analytics_002,Web_development,Web_development,0.5688329568673433,True
iabTracking.31cf81e3384788188e0d.bundle,Altro,Web_development,0.5688329568673433,False
iabTracking.31cf81e3384788188e0d.bundle,Altro,Web_development,0.5688329568673433,False
iabTracking.7f23064d1f64f976ca2f.bundle,Web_development,Web_development,0.5688329568673433,True
iabTracking.7f23064d1f64f976ca2f.bundle,Web_development,Web_development,0.5688329568673433,True
iabTracking.7f23064d1f64f976ca2f.bundle,Web_development,Web_development,0.5688329568673433,True
iabTracking.7f23064d1f64f976ca2f.bundle,Web_development,Web_development,0.5688329568673433,True
image,Altro,Web_development,0.5688329568673433,False
image,Altro,Web_development,0.5688329568673433,False
main.defdfeb3de149b091756.bundle,Altro,Web_development,0.5688329568673433,False
main.defdfeb3de149b091756.bundle,Altro,Web_development,0.5688329568673433,False
main.f9564e78412a50587407.bundle,Web_development,Web_development,0.5688329568673433,True
main.f9564e78412a50587407.bundle,Web_development,Web_development,0.5688329568673433,True
main.f9564e78412a50587407.bundle,Web_development,Web_development,0.5688329568673433,True
osano,Web_development,Web_development,0.5688329568673433,True
osano,Web_development,Web_development,0.5688329568673433,True
osano,Web_development,Web_development,0.5688329568673433,True
osano,Web_development,Web_development,0.5688329568673433,True
runtime.6ced9032f04547e7d96b.bundle,Web_development,Web_development,0.5688329568673433,True
runtime.6ced9032f04547e7d96b.bundle,Web_development,Web_development,0.5688329568673433,True
runtime.6ced9032f04547e7d96b.bundle,Web_development,Web_development,0.5688329568673433,True
runtime.6ced9032f04547e7d96b.bundle,Web_development,Web_development,0.5688329568673433,True
runtime.8343b4df7bb0cd316091.bundle,Altro,Web_development,0.5688329568673433,False
runtime.8343b4df7bb0cd316091.bundle,Altro,Web_development,0.5688329568673433,False
runtime.8343b4df7bb0cd316091.bundle,Altro,Web_development,0.5688329568673433,False
runtime.8343b4df7bb0cd316091.bundle,Altro,Web_development,0.5688329568673433,False
social-ux-non-critical,Web_development,Web_development,0.5688329568673433,True
social-ux-non-critical,Web_development,Web_development,0.5688329568673433,True
social-ux-non-critical,Web_development,Web_development,0.5688329568673433,True
a,Web_development,Web_development,0.5688329568673433,True
a,Web_development,Web_development,0.5688329568673433,True
a,Web_development,Web_development,0.5688329568673433,True
a,Web_development,Web_development,0.5688329568673433,True
enterprise-page-code,Web_development,Web_development,0.5688329568673433,True
enterprise-page-code,Web_development,Web_development,0.5688329568673433,True
enterprise-page-code,Web_development,Web_development,0.5688329568673433,True
google-analytics_analytics,Web_development,Web_development,0.5688329568673433,True
google-analytics_analytics,Web_development,Web_development,0.5688329568673433,True
google-analytics_analytics,Web_development,Web_development,0.5688329568673433,True
google-analytics_analytics,Web_development,Web_development,0.5688329568673433,True
google-analytics_analytics_002,Web_development,Web_development,0.5688329568673433,True
google-analytics_analytics_002,Web_development,Web_development,0.5688329568673433,True
google-analytics_analytics_002,Web_development,Web_development,0.5688329568673433,True
iabTracking.31cf81e3384788188e0d.bundle,Altro,Web_development,0.5688329568673433,False
iabTracking.31cf81e3384788188e0d.bundle,Altro,Web_development,0.5688329568673433,False
iabTracking.7f23064d1f64f976ca2f.bundle,Web_development,Web_development,0.5688329568673433,True
iabTracking.7f23064d1f64f976ca2f.bundle,Web_development,Web_development,0.5688329568673433,True
iabTracking.7f23064d1f64f976ca2f.bundle,Web_development,Web_development,0.5688329568673433,True
iabTracking.7f23064d1f64f976ca2f.bundle,Web_development,Web_development,0.5688329568673433,True
image,Altro,Web_development,0.5688329568673433,False
main.defdfeb3de149b091756.bundle,Altro,Web_development,0.5688329568673433,False
main.defdfeb3de149b091756.bundle,Altro,Web_development,0.5688329568673433,False
main.f9564e78412a50587407.bundle,Web_development,Web_development,0.5688329568673433,True
osano,Web_development,Web_development,0.5688329568673433,True
osano,Web_development,Web_development,0.5688329568673433,True
osano,Web_development,Web_development,0.5688329568673433,True
runtime.6ced9032f04547e7d96b.bundle,Web_development,Web_development,0.5688329568673433,True
runtime.6ced9032f04547e7d96b.bundle,Web_development,Web_development,0.5688329568673433,True
runtime.6ced9032f04547e7d96b.bundle,Web_development,Web_development,0.5688329568673433,True
runtime.6ced9032f04547e7d96b.bundle,Web_development,Web_development,0.5688329568673433,True
runtime.8343b4df7bb0cd316091.bundle,Altro,Web_development,0.5688329568673433,False
runtime.8343b4df7bb0cd316091.bundle,Altro,Web_development,0.5688329568673433,False
runtime.8343b4df7bb0cd316091.bundle,Altro,Web_development,0.5688329568673433,False
social-ux-non-critical,Web_development,Web_development,0.5688329568673433,True
social-ux-non-critical,Web_development,Web_development,0.5688329568673433,True
social-ux-non-critical,Web_development,Web_development,0.5688329568673433,True
social-ux-non-critical,Web_development,Web_development,0.5688329568673433,True
two-cylindrical-metal-machines-stacked-on-top-of-each-other,Altro,Web_development,0.5688329568673433,False
two-human-hands-using-instruments-to-manipulate-the-pieces-,Antropologia,Web_development,0.5688329568673433,False
yellow-cylinder-with-nuclear-symbol-plus-minus-signs-castin,Energia,Web_development,0.5688329568673433,False
yellow-cylinder-with-nuclear-symbol-plus-minus-signs-ca_002,Energia,Web_development,0.5688329568673433,False
